<?xml version="1.0" encoding="UTF-8" standalone="yes"?>
<w:document xmlns:wpc="http://schemas.microsoft.com/office/word/2010/wordprocessingCanvas" xmlns:cx="http://schemas.microsoft.com/office/drawing/2014/chartex" xmlns:cx1="http://schemas.microsoft.com/office/drawing/2015/9/8/chartex" xmlns:cx2="http://schemas.microsoft.com/office/drawing/2015/10/21/chartex" xmlns:cx3="http://schemas.microsoft.com/office/drawing/2016/5/9/chartex" xmlns:cx4="http://schemas.microsoft.com/office/drawing/2016/5/10/chartex" xmlns:cx5="http://schemas.microsoft.com/office/drawing/2016/5/11/chartex" xmlns:cx6="http://schemas.microsoft.com/office/drawing/2016/5/12/chartex" xmlns:cx7="http://schemas.microsoft.com/office/drawing/2016/5/13/chartex" xmlns:cx8="http://schemas.microsoft.com/office/drawing/2016/5/14/chartex" xmlns:mc="http://schemas.openxmlformats.org/markup-compatibility/2006" xmlns:aink="http://schemas.microsoft.com/office/drawing/2016/ink" xmlns:am3d="http://schemas.microsoft.com/office/drawing/2017/model3d" xmlns:o="urn:schemas-microsoft-com:office:office" xmlns:r="http://schemas.openxmlformats.org/officeDocument/2006/relationships" xmlns:m="http://schemas.openxmlformats.org/officeDocument/2006/math" xmlns:v="urn:schemas-microsoft-com:vml" xmlns:wp14="http://schemas.microsoft.com/office/word/2010/wordprocessingDrawing" xmlns:wp="http://schemas.openxmlformats.org/drawingml/2006/wordprocessingDrawing" xmlns:w10="urn:schemas-microsoft-com:office:word" xmlns:w="http://schemas.openxmlformats.org/wordprocessingml/2006/main" xmlns:w14="http://schemas.microsoft.com/office/word/2010/wordml" xmlns:w15="http://schemas.microsoft.com/office/word/2012/wordml" xmlns:w16cex="http://schemas.microsoft.com/office/word/2018/wordml/cex" xmlns:w16cid="http://schemas.microsoft.com/office/word/2016/wordml/cid" xmlns:w16="http://schemas.microsoft.com/office/word/2018/wordml" xmlns:w16sdtdh="http://schemas.microsoft.com/office/word/2020/wordml/sdtdatahash" xmlns:w16se="http://schemas.microsoft.com/office/word/2015/wordml/symex" xmlns:wpg="http://schemas.microsoft.com/office/word/2010/wordprocessingGroup" xmlns:wpi="http://schemas.microsoft.com/office/word/2010/wordprocessingInk" xmlns:wne="http://schemas.microsoft.com/office/word/2006/wordml" xmlns:wps="http://schemas.microsoft.com/office/word/2010/wordprocessingShape" mc:Ignorable="w14 w15 w16se w16cid w16 w16cex w16sdtdh wp14"><w:body><w:p w14:paraId="0B6E69EF" w14:textId="2EF3A4F6" w:rsidR="00076AD6" w:rsidRPr="00594C97" w:rsidRDefault="00594C97" w:rsidP="00594C97"><w:pPr><w:pStyle w:val="aa"/><w:rPr><w:rFonts w:ascii="Times New Roman" w:hAnsi="Times New Roman" w:cs="Times New Roman"/></w:rPr></w:pPr><w:r w:rsidRPr="00594C97"><w:rPr><w:rFonts w:ascii="Times New Roman" w:hAnsi="Times New Roman" w:cs="Times New Roman"/></w:rPr><w:t>COMP1901 Research Project</w:t></w:r></w:p><w:p w14:paraId="540C346D" w14:textId="09EC52A8" w:rsidR="00594C97" w:rsidRPr="00594C97" w:rsidRDefault="00594C97" w:rsidP="00594C97"><w:pPr><w:jc w:val="center"/><w:rPr><w:rFonts w:ascii="Times New Roman" w:hAnsi="Times New Roman" w:cs="Times New Roman"/><w:b/><w:bCs/><w:sz w:val="25"/><w:szCs w:val="25"/></w:rPr></w:pPr><w:r w:rsidRPr="00594C97"><w:rPr><w:rFonts w:ascii="Times New Roman" w:hAnsi="Times New Roman" w:cs="Times New Roman"/><w:b/><w:bCs/><w:sz w:val="25"/><w:szCs w:val="25"/></w:rPr><w:t>Individual report</w:t></w:r></w:p><w:p w14:paraId="4A2FC4B0" w14:textId="77777777" w:rsidR="00594C97" w:rsidRDefault="00594C97" w:rsidP="00594C97"><w:pPr><w:jc w:val="left"/><w:rPr><w:rFonts w:ascii="Times New Roman" w:hAnsi="Times New Roman" w:cs="Times New Roman"/><w:sz w:val="25"/><w:szCs w:val="25"/></w:rPr></w:pPr></w:p><w:p w14:paraId="4A2BA20A" w14:textId="25997439" w:rsidR="00594C97" w:rsidRDefault="00594C97" w:rsidP="00594C97"><w:pPr><w:jc w:val="left"/><w:rPr><w:rFonts w:ascii="Times New Roman" w:hAnsi="Times New Roman" w:cs="Times New Roman"/><w:sz w:val="25"/><w:szCs w:val="25"/></w:rPr></w:pPr><w:r w:rsidRPr="00594C97"><w:rPr><w:rFonts w:ascii="Times New Roman" w:hAnsi="Times New Roman" w:cs="Times New Roman"/><w:sz w:val="25"/><w:szCs w:val="25"/></w:rPr><w:t>Stock Selection: HK.2318 Ping An Insurance</w:t></w:r></w:p><w:p w14:paraId="0B0C71D9" w14:textId="4CD9AE3C" w:rsidR="00594C97" w:rsidRPr="005F60AA" w:rsidRDefault="00594C97" w:rsidP="005F60AA"><w:pPr><w:pStyle w:val="3"/><w:rPr><w:rFonts w:ascii="Times New Roman" w:hAnsi="Times New Roman" w:cs="Times New Roman"/></w:rPr></w:pPr><w:r w:rsidRPr="005F60AA"><w:rPr><w:rFonts w:ascii="Times New Roman" w:hAnsi="Times New Roman" w:cs="Times New Roman"/></w:rPr><w:t>Introduction</w:t></w:r></w:p><w:p w14:paraId="4DBD5733" w14:textId="5F2E7A31" w:rsidR="008A0E10" w:rsidRDefault="000E57BD" w:rsidP="000E57BD"><w:pPr><w:rPr><w:rFonts w:ascii="Times New Roman" w:hAnsi="Times New Roman" w:cs="Times New Roman"/><w:sz w:val="25"/><w:szCs w:val="25"/></w:rPr></w:pPr><w:r><w:rPr><w:rFonts w:ascii="Times New Roman" w:hAnsi="Times New Roman" w:cs="Times New Roman"/><w:sz w:val="25"/><w:szCs w:val="25"/></w:rPr><w:tab/></w:r><w:r w:rsidR="005F60AA"><w:rPr><w:rFonts w:ascii="Times New Roman" w:hAnsi="Times New Roman" w:cs="Times New Roman"/><w:color w:val="202122"/><w:sz w:val="25"/><w:szCs w:val="25"/><w:shd w:val="clear" w:color="auto" w:fill="FFFFFF"/></w:rPr><w:t>As</w:t></w:r><w:r w:rsidR="005F60AA" w:rsidRPr="005F60AA"><w:rPr><w:rFonts w:ascii="Times New Roman" w:hAnsi="Times New Roman" w:cs="Times New Roman"/><w:color w:val="202122"/><w:sz w:val="25"/><w:szCs w:val="25"/><w:shd w:val="clear" w:color="auto" w:fill="FFFFFF"/></w:rPr><w:t xml:space="preserve"> one of the world's most significant financial </w:t></w:r><w:r w:rsidR="005F60AA"><w:rPr><w:rFonts w:ascii="Times New Roman" w:hAnsi="Times New Roman" w:cs="Times New Roman"/><w:color w:val="202122"/><w:sz w:val="25"/><w:szCs w:val="25"/><w:shd w:val="clear" w:color="auto" w:fill="FFFFFF"/></w:rPr><w:t>centers</w:t></w:r><w:r w:rsidR="005F60AA" w:rsidRPr="005F60AA"><w:rPr><w:rFonts w:ascii="Times New Roman" w:hAnsi="Times New Roman" w:cs="Times New Roman"/><w:color w:val="202122"/><w:sz w:val="25"/><w:szCs w:val="25"/><w:shd w:val="clear" w:color="auto" w:fill="FFFFFF"/></w:rPr><w:t xml:space="preserve"> and </w:t></w:r><w:r w:rsidR="00771396"><w:rPr><w:rFonts w:ascii="Times New Roman" w:hAnsi="Times New Roman" w:cs="Times New Roman"/><w:color w:val="202122"/><w:sz w:val="25"/><w:szCs w:val="25"/><w:shd w:val="clear" w:color="auto" w:fill="FFFFFF"/></w:rPr><w:t>free trade</w:t></w:r><w:r w:rsidR="005F60AA" w:rsidRPr="005F60AA"><w:rPr><w:rFonts w:ascii="Times New Roman" w:hAnsi="Times New Roman" w:cs="Times New Roman"/><w:color w:val="202122"/><w:sz w:val="25"/><w:szCs w:val="25"/><w:shd w:val="clear" w:color="auto" w:fill="FFFFFF"/></w:rPr><w:t xml:space="preserve"> ports</w:t></w:r><w:r w:rsidR="005F60AA"><w:rPr><w:rFonts w:ascii="Times New Roman" w:hAnsi="Times New Roman" w:cs="Times New Roman"/><w:color w:val="202122"/><w:sz w:val="25"/><w:szCs w:val="25"/><w:shd w:val="clear" w:color="auto" w:fill="FFFFFF"/></w:rPr><w:t>, Hong Kong has one of the largest bourse</w:t></w:r><w:r w:rsidR="00113DBB"><w:rPr><w:rFonts w:ascii="Times New Roman" w:hAnsi="Times New Roman" w:cs="Times New Roman"/><w:color w:val="202122"/><w:sz w:val="25"/><w:szCs w:val="25"/><w:shd w:val="clear" w:color="auto" w:fill="FFFFFF"/></w:rPr><w:t>s</w:t></w:r><w:r w:rsidR="00771396"><w:rPr><w:rFonts w:ascii="Times New Roman" w:hAnsi="Times New Roman" w:cs="Times New Roman"/><w:color w:val="202122"/><w:sz w:val="25"/><w:szCs w:val="25"/><w:shd w:val="clear" w:color="auto" w:fill="FFFFFF"/></w:rPr><w:t xml:space="preserve"> in the world</w:t></w:r><w:r w:rsidR="00113DBB"><w:rPr><w:rFonts w:ascii="Times New Roman" w:hAnsi="Times New Roman" w:cs="Times New Roman"/><w:color w:val="202122"/><w:sz w:val="25"/><w:szCs w:val="25"/><w:shd w:val="clear" w:color="auto" w:fill="FFFFFF"/></w:rPr><w:t xml:space="preserve">, </w:t></w:r><w:r w:rsidR="005F60AA" w:rsidRPr="005F60AA"><w:rPr><w:rFonts w:ascii="Times New Roman" w:hAnsi="Times New Roman" w:cs="Times New Roman"/><w:sz w:val="25"/><w:szCs w:val="25"/></w:rPr><w:t>Stock Exchange of Hong Kong</w:t></w:r><w:r w:rsidR="00113DBB"><w:rPr><w:rFonts w:ascii="Times New Roman" w:hAnsi="Times New Roman" w:cs="Times New Roman"/><w:sz w:val="25"/><w:szCs w:val="25"/></w:rPr><w:t>. In recent years, due to the shift towards electronic trading, there are more and more investors using</w:t></w:r><w:r w:rsidR="008A0E10"><w:rPr><w:rFonts w:ascii="Times New Roman" w:hAnsi="Times New Roman" w:cs="Times New Roman"/><w:sz w:val="25"/><w:szCs w:val="25"/></w:rPr><w:t xml:space="preserve"> computer and data analysis</w:t></w:r><w:r w:rsidR="00113DBB"><w:rPr><w:rFonts w:ascii="Times New Roman" w:hAnsi="Times New Roman" w:cs="Times New Roman"/><w:sz w:val="25"/><w:szCs w:val="25"/></w:rPr><w:t xml:space="preserve"> to predict the stock prices</w:t></w:r><w:r w:rsidR="008A0E10"><w:rPr><w:rFonts w:ascii="Times New Roman" w:hAnsi="Times New Roman" w:cs="Times New Roman"/><w:sz w:val="25"/><w:szCs w:val="25"/></w:rPr><w:t>. In this report, I will introduce some common prediction algorithms, processing methods and strategies, and share some own views of predicting stocks prices.</w:t></w:r></w:p><w:p w14:paraId="4FF6C940" w14:textId="34DEA2AA" w:rsidR="008A0E10" w:rsidRDefault="008A0E10" w:rsidP="008A0E10"><w:pPr><w:pStyle w:val="3"/><w:rPr><w:rFonts w:ascii="Times New Roman" w:hAnsi="Times New Roman" w:cs="Times New Roman"/></w:rPr></w:pPr><w:r w:rsidRPr="008A0E10"><w:rPr><w:rFonts w:ascii="Times New Roman" w:hAnsi="Times New Roman" w:cs="Times New Roman"/></w:rPr><w:t>Methods</w:t></w:r></w:p><w:p w14:paraId="685FD973" w14:textId="6FEB3714" w:rsidR="00E72517" w:rsidRDefault="008A0E10" w:rsidP="00E72517"><w:pPr><w:rPr><w:rFonts w:ascii="Times New Roman" w:hAnsi="Times New Roman" w:cs="Times New Roman"/><w:sz w:val="25"/><w:szCs w:val="25"/></w:rPr></w:pPr><w:r><w:tab/></w:r><w:r><w:rPr><w:rFonts w:ascii="Times New Roman" w:hAnsi="Times New Roman" w:cs="Times New Roman"/><w:sz w:val="25"/><w:szCs w:val="25"/></w:rPr><w:t>M</w:t></w:r><w:r w:rsidR="00E72517"><w:rPr><w:rFonts w:ascii="Times New Roman" w:hAnsi="Times New Roman" w:cs="Times New Roman"/><w:sz w:val="25"/><w:szCs w:val="25"/></w:rPr><w:t>A (M</w:t></w:r><w:r><w:rPr><w:rFonts w:ascii="Times New Roman" w:hAnsi="Times New Roman" w:cs="Times New Roman"/><w:sz w:val="25"/><w:szCs w:val="25"/></w:rPr><w:t>oving Average</w:t></w:r><w:r w:rsidR="00E72517"><w:rPr><w:rFonts w:ascii="Times New Roman" w:hAnsi="Times New Roman" w:cs="Times New Roman"/><w:sz w:val="25"/><w:szCs w:val="25"/></w:rPr><w:t>)</w:t></w:r><w:r><w:rPr><w:rFonts w:ascii="Times New Roman" w:hAnsi="Times New Roman" w:cs="Times New Roman"/><w:sz w:val="25"/><w:szCs w:val="25"/></w:rPr><w:t xml:space="preserve"> is an approach to predict the prices.</w:t></w:r><w:r w:rsidR="00E72517"><w:rPr><w:rFonts w:ascii="Times New Roman" w:hAnsi="Times New Roman" w:cs="Times New Roman"/><w:sz w:val="25"/><w:szCs w:val="25"/></w:rPr><w:t xml:space="preserve"> It uses a period of prices to calculate the expected price of next day.</w:t></w:r><w:r><w:rPr><w:rFonts w:ascii="Times New Roman" w:hAnsi="Times New Roman" w:cs="Times New Roman"/><w:sz w:val="25"/><w:szCs w:val="25"/></w:rPr><w:t xml:space="preserve"> </w:t></w:r></w:p><w:p w14:paraId="717A80AF" w14:textId="0F4076E7" w:rsidR="00133F44" w:rsidRPr="00133F44" w:rsidRDefault="008A0E10" w:rsidP="003E3B40"><w:pPr><w:ind w:firstLine="420"/><w:rPr><w:rFonts w:ascii="Times New Roman" w:hAnsi="Times New Roman" w:cs="Times New Roman"/><w:sz w:val="25"/><w:szCs w:val="25"/></w:rPr></w:pPr><w:r><w:rPr><w:rFonts w:ascii="Times New Roman" w:hAnsi="Times New Roman" w:cs="Times New Roman"/><w:sz w:val="25"/><w:szCs w:val="25"/></w:rPr><w:t>It</w:t></w:r><w:r w:rsidR="00E72517"><w:rPr><w:rFonts w:ascii="Times New Roman" w:hAnsi="Times New Roman" w:cs="Times New Roman"/><w:sz w:val="25"/><w:szCs w:val="25"/></w:rPr><w:t xml:space="preserve"> </w:t></w:r><w:r><w:rPr><w:rFonts w:ascii="Times New Roman" w:hAnsi="Times New Roman" w:cs="Times New Roman"/><w:sz w:val="25"/><w:szCs w:val="25"/></w:rPr><w:t>involves</w:t></w:r><w:r w:rsidR="00E72517"><w:rPr><w:rFonts w:ascii="Times New Roman" w:hAnsi="Times New Roman" w:cs="Times New Roman"/><w:sz w:val="25"/><w:szCs w:val="25"/></w:rPr><w:t xml:space="preserve"> many kinds such as SMA (Simple Moving Average)</w:t></w:r><w:r w:rsidR="005E0DF3"><w:rPr><w:rFonts w:ascii="Times New Roman" w:hAnsi="Times New Roman" w:cs="Times New Roman"/><w:sz w:val="25"/><w:szCs w:val="25"/></w:rPr><w:t xml:space="preserve"> and</w:t></w:r><w:r w:rsidR="00E72517"><w:rPr><w:rFonts w:ascii="Times New Roman" w:hAnsi="Times New Roman" w:cs="Times New Roman"/><w:sz w:val="25"/><w:szCs w:val="25"/></w:rPr><w:t xml:space="preserve"> EMA (Exponential Moving Average).</w:t></w:r><w:bookmarkStart w:id="0" w:name="OLE_LINK1"/><w:r w:rsidR="00E72517"><w:rPr><w:rFonts w:ascii="Times New Roman" w:hAnsi="Times New Roman" w:cs="Times New Roman" w:hint="eastAsia"/><w:sz w:val="25"/><w:szCs w:val="25"/></w:rPr><w:t xml:space="preserve"> </w:t></w:r><w:r w:rsidR="00E72517"><w:rPr><w:rFonts w:ascii="Times New Roman" w:hAnsi="Times New Roman" w:cs="Times New Roman"/><w:sz w:val="25"/><w:szCs w:val="25"/></w:rPr><w:t>The difference between the former one and l</w:t></w:r><w:r w:rsidR="005E0DF3"><w:rPr><w:rFonts w:ascii="Times New Roman" w:hAnsi="Times New Roman" w:cs="Times New Roman"/><w:sz w:val="25"/><w:szCs w:val="25"/></w:rPr><w:t>atter one</w:t></w:r><w:r w:rsidR="00E72517"><w:rPr><w:rFonts w:ascii="Times New Roman" w:hAnsi="Times New Roman" w:cs="Times New Roman"/><w:sz w:val="25"/><w:szCs w:val="25"/></w:rPr><w:t xml:space="preserve"> is that EMA </w:t></w:r><w:r w:rsidR="00434D0E"><w:rPr><w:rFonts w:ascii="Times New Roman" w:hAnsi="Times New Roman" w:cs="Times New Roman"/><w:sz w:val="25"/><w:szCs w:val="25"/></w:rPr><w:t>puts</w:t></w:r><w:r w:rsidR="00E72517"><w:rPr><w:rFonts w:ascii="Times New Roman" w:hAnsi="Times New Roman" w:cs="Times New Roman"/><w:sz w:val="25"/><w:szCs w:val="25"/></w:rPr><w:t xml:space="preserve"> </w:t></w:r><w:r w:rsidR="00434D0E"><w:rPr><w:rFonts w:ascii="Times New Roman" w:hAnsi="Times New Roman" w:cs="Times New Roman"/><w:sz w:val="25"/><w:szCs w:val="25"/></w:rPr><w:t>more weight</w:t></w:r><w:r w:rsidR="00E72517"><w:rPr><w:rFonts w:ascii="Times New Roman" w:hAnsi="Times New Roman" w:cs="Times New Roman"/><w:sz w:val="25"/><w:szCs w:val="25"/></w:rPr><w:t xml:space="preserve"> </w:t></w:r><w:r w:rsidR="00434D0E"><w:rPr><w:rFonts w:ascii="Times New Roman" w:hAnsi="Times New Roman" w:cs="Times New Roman"/><w:sz w:val="25"/><w:szCs w:val="25"/></w:rPr><w:t>on</w:t></w:r><w:r w:rsidR="00E72517"><w:rPr><w:rFonts w:ascii="Times New Roman" w:hAnsi="Times New Roman" w:cs="Times New Roman"/><w:sz w:val="25"/><w:szCs w:val="25"/></w:rPr><w:t xml:space="preserve"> the </w:t></w:r><w:r w:rsidR="00434D0E"><w:rPr><w:rFonts w:ascii="Times New Roman" w:hAnsi="Times New Roman" w:cs="Times New Roman"/><w:sz w:val="25"/><w:szCs w:val="25"/></w:rPr><w:t>recent</w:t></w:r><w:r w:rsidR="00E72517"><w:rPr><w:rFonts w:ascii="Times New Roman" w:hAnsi="Times New Roman" w:cs="Times New Roman"/><w:sz w:val="25"/><w:szCs w:val="25"/></w:rPr><w:t xml:space="preserve"> price</w:t></w:r><w:r w:rsidR="00434D0E"><w:rPr><w:rFonts w:ascii="Times New Roman" w:hAnsi="Times New Roman" w:cs="Times New Roman"/><w:sz w:val="25"/><w:szCs w:val="25"/></w:rPr><w:t>s than older prices</w:t></w:r><w:r w:rsidR="00E72517"><w:rPr><w:rFonts w:ascii="Times New Roman" w:hAnsi="Times New Roman" w:cs="Times New Roman"/><w:sz w:val="25"/><w:szCs w:val="25"/></w:rPr><w:t xml:space="preserve">, </w:t></w:r><w:r w:rsidR="005E0DF3"><w:rPr><w:rFonts w:ascii="Times New Roman" w:hAnsi="Times New Roman" w:cs="Times New Roman"/><w:sz w:val="25"/><w:szCs w:val="25"/></w:rPr><w:t>while</w:t></w:r><w:r w:rsidR="00E72517"><w:rPr><w:rFonts w:ascii="Times New Roman" w:hAnsi="Times New Roman" w:cs="Times New Roman"/><w:sz w:val="25"/><w:szCs w:val="25"/></w:rPr><w:t xml:space="preserve"> the SMA </w:t></w:r><w:r w:rsidR="00434D0E"><w:rPr><w:rFonts w:ascii="Times New Roman" w:hAnsi="Times New Roman" w:cs="Times New Roman"/><w:sz w:val="25"/><w:szCs w:val="25"/></w:rPr><w:t>puts equal weight</w:t></w:r><w:r w:rsidR="00E72517"><w:rPr><w:rFonts w:ascii="Times New Roman" w:hAnsi="Times New Roman" w:cs="Times New Roman"/><w:sz w:val="25"/><w:szCs w:val="25"/></w:rPr><w:t xml:space="preserve"> </w:t></w:r><w:r w:rsidR="00434D0E"><w:rPr><w:rFonts w:ascii="Times New Roman" w:hAnsi="Times New Roman" w:cs="Times New Roman"/><w:sz w:val="25"/><w:szCs w:val="25"/></w:rPr><w:t>on the</w:t></w:r><w:r w:rsidR="00E72517"><w:rPr><w:rFonts w:ascii="Times New Roman" w:hAnsi="Times New Roman" w:cs="Times New Roman"/><w:sz w:val="25"/><w:szCs w:val="25"/></w:rPr><w:t xml:space="preserve"> price</w:t></w:r><w:r w:rsidR="005E0DF3"><w:rPr><w:rFonts w:ascii="Times New Roman" w:hAnsi="Times New Roman" w:cs="Times New Roman"/><w:sz w:val="25"/><w:szCs w:val="25"/></w:rPr><w:t xml:space="preserve"> o</w:t></w:r><w:r w:rsidR="00434D0E"><w:rPr><w:rFonts w:ascii="Times New Roman" w:hAnsi="Times New Roman" w:cs="Times New Roman"/><w:sz w:val="25"/><w:szCs w:val="25"/></w:rPr><w:t>f</w:t></w:r><w:r w:rsidR="005E0DF3"><w:rPr><w:rFonts w:ascii="Times New Roman" w:hAnsi="Times New Roman" w:cs="Times New Roman"/><w:sz w:val="25"/><w:szCs w:val="25"/></w:rPr><w:t xml:space="preserve"> each day of</w:t></w:r><w:r w:rsidR="00E72517"><w:rPr><w:rFonts w:ascii="Times New Roman" w:hAnsi="Times New Roman" w:cs="Times New Roman"/><w:sz w:val="25"/><w:szCs w:val="25"/></w:rPr><w:t xml:space="preserve"> that period.</w:t></w:r><w:bookmarkEnd w:id="0"/></w:p><w:p w14:paraId="434BCC4F" w14:textId="24112C29" w:rsidR="001A6D57" w:rsidRDefault="00133F44" w:rsidP="003E3B40"><w:pPr><w:jc w:val="center"/><w:rPr><w:rFonts w:ascii="Times New Roman" w:hAnsi="Times New Roman" w:cs="Times New Roman"/><w:sz w:val="25"/><w:szCs w:val="25"/></w:rPr></w:pPr><w:r><w:rPr><w:noProof/></w:rPr><w:drawing><wp:inline distT="0" distB="0" distL="0" distR="0" wp14:anchorId="4005203A" wp14:editId="66094D19"><wp:extent cx="3607522" cy="1545771"/><wp:effectExtent l="0" t="0" r="0" b="0"/><wp:docPr id="2" name="图片 2"/><wp:cNvGraphicFramePr><a:graphicFrameLocks xmlns:a="http://schemas.openxmlformats.org/drawingml/2006/main" noChangeAspect="1"/></wp:cNvGraphicFramePr><a:graphic xmlns:a="http://schemas.openxmlformats.org/drawingml/2006/main"><a:graphicData uri="http://schemas.openxmlformats.org/drawingml/2006/picture"><pic:pic xmlns:pic="http://schemas.openxmlformats.org/drawingml/2006/picture"><pic:nvPicPr><pic:cNvPr id="0" name="Picture 3"/><pic:cNvPicPr><a:picLocks noChangeAspect="1" noChangeArrowheads="1"/></pic:cNvPicPr></pic:nvPicPr><pic:blipFill><a:blip r:embed="rId7" cstate="print"><a:extLst><a:ext uri="{28A0092B-C50C-407E-A947-70E740481C1C}"><a14:useLocalDpi xmlns:a14="http://schemas.microsoft.com/office/drawing/2010/main" val="0"/></a:ext></a:extLst></a:blip><a:srcRect/><a:stretch><a:fillRect/></a:stretch></pic:blipFill><pic:spPr bwMode="auto"><a:xfrm><a:off x="0" y="0"/><a:ext cx="3679827" cy="1576753"/></a:xfrm><a:prstGeom prst="rect"><a:avLst/></a:prstGeom><a:noFill/><a:ln><a:noFill/></a:ln></pic:spPr></pic:pic></a:graphicData></a:graphic></wp:inline></w:drawing></w:r></w:p><w:p w14:paraId="6807988C" w14:textId="69D6005D" w:rsidR="00F12A03" w:rsidRDefault="00133F44" w:rsidP="00F12A03"><w:pPr><w:ind w:firstLine="420"/><w:jc w:val="left"/><w:rPr><w:rFonts w:ascii="Times New Roman" w:hAnsi="Times New Roman" w:cs="Times New Roman"/><w:sz w:val="25"/><w:szCs w:val="25"/></w:rPr></w:pPr><w:r><w:rPr><w:rFonts w:ascii="Times New Roman" w:hAnsi="Times New Roman" w:cs="Times New Roman"/><w:sz w:val="25"/><w:szCs w:val="25"/></w:rPr><w:t xml:space="preserve">We can see that the </w:t></w:r><w:r w:rsidR="003E3B40"><w:rPr><w:rFonts w:ascii="Times New Roman" w:hAnsi="Times New Roman" w:cs="Times New Roman"/><w:sz w:val="25"/><w:szCs w:val="25"/></w:rPr><w:t>5</w:t></w:r><w:r><w:rPr><w:rFonts w:ascii="Times New Roman" w:hAnsi="Times New Roman" w:cs="Times New Roman"/><w:sz w:val="25"/><w:szCs w:val="25"/></w:rPr><w:t xml:space="preserve">-days </w:t></w:r><w:r w:rsidR="003E3B40"><w:rPr><w:rFonts w:ascii="Times New Roman" w:hAnsi="Times New Roman" w:cs="Times New Roman"/><w:sz w:val="25"/><w:szCs w:val="25"/></w:rPr><w:t>E</w:t></w:r><w:r><w:rPr><w:rFonts w:ascii="Times New Roman" w:hAnsi="Times New Roman" w:cs="Times New Roman"/><w:sz w:val="25"/><w:szCs w:val="25"/></w:rPr><w:t>MA</w:t></w:r><w:r w:rsidR="00F12A03"><w:rPr><w:rFonts w:ascii="Times New Roman" w:hAnsi="Times New Roman" w:cs="Times New Roman"/><w:sz w:val="25"/><w:szCs w:val="25"/></w:rPr><w:t xml:space="preserve"> responds to the real prices’ changes most quickly, 5-days SMA is a bit slower than it. The 10-days SMA responds to the changes most slowly.</w:t></w:r></w:p><w:p w14:paraId="51D8E892" w14:textId="5E53BC22" w:rsidR="00367D62" w:rsidRDefault="00DA3664" w:rsidP="00F12A03"><w:pPr><w:ind w:firstLine="420"/><w:jc w:val="left"/><w:rPr><w:rFonts w:ascii="Times New Roman" w:hAnsi="Times New Roman" w:cs="Times New Roman"/><w:sz w:val="25"/><w:szCs w:val="25"/></w:rPr></w:pPr><w:r><w:rPr><w:rFonts w:ascii="Times New Roman" w:hAnsi="Times New Roman" w:cs="Times New Roman"/><w:sz w:val="25"/><w:szCs w:val="25"/></w:rPr><w:t xml:space="preserve">A simple strategy is that we buy in the stock when its price began to rise, and sell out the stock when its price began to fall. </w:t></w:r><w:r><w:rPr><w:rFonts w:ascii="Times New Roman" w:hAnsi="Times New Roman" w:cs="Times New Roman"/><w:sz w:val="25"/><w:szCs w:val="25"/></w:rPr><w:t>The MA curves are generally lagged and react slowly to the real price’s changes, so they can help us detect the changes in general price trend.</w:t></w:r></w:p><w:p w14:paraId="4D653C51" w14:textId="3FC7D2B5" w:rsidR="00DA3664" w:rsidRDefault="00DA3664" w:rsidP="00F12A03"><w:pPr><w:ind w:firstLine="420"/><w:jc w:val="left"/><w:rPr><w:rFonts w:ascii="Times New Roman" w:hAnsi="Times New Roman" w:cs="Times New Roman"/><w:sz w:val="25"/><w:szCs w:val="25"/></w:rPr></w:pPr><w:r><w:rPr><w:rFonts w:ascii="Times New Roman" w:hAnsi="Times New Roman" w:cs="Times New Roman"/><w:sz w:val="25"/><w:szCs w:val="25"/></w:rPr><w:t>If the real prices curve crosses the MA curve, it usually means that the prices trends was changed. If we buy the stock when the blue curve (real prices) crossed beyond the red curve (MA curve), and sell the stock when blue crossed below the red, we may earn some money.</w:t></w:r></w:p><w:p w14:paraId="36AB5F47" w14:textId="52DF5F31" w:rsidR="003E3B40" w:rsidRDefault="003E3B40" w:rsidP="00DA3664"><w:pPr><w:jc w:val="center"/><w:rPr><w:rFonts w:ascii="Times New Roman" w:hAnsi="Times New Roman" w:cs="Times New Roman" w:hint="eastAsia"/><w:sz w:val="25"/><w:szCs w:val="25"/></w:rPr></w:pPr><w:r><w:rPr><w:noProof/></w:rPr><w:lastRenderedPageBreak/><w:drawing><wp:inline distT="0" distB="0" distL="0" distR="0" wp14:anchorId="22342654" wp14:editId="41BE04D9"><wp:extent cx="3483429" cy="1492598"/><wp:effectExtent l="0" t="0" r="3175" b="0"/><wp:docPr id="3" name="图片 3"/><wp:cNvGraphicFramePr><a:graphicFrameLocks xmlns:a="http://schemas.openxmlformats.org/drawingml/2006/main" noChangeAspect="1"/></wp:cNvGraphicFramePr><a:graphic xmlns:a="http://schemas.openxmlformats.org/drawingml/2006/main"><a:graphicData uri="http://schemas.openxmlformats.org/drawingml/2006/picture"><pic:pic xmlns:pic="http://schemas.openxmlformats.org/drawingml/2006/picture"><pic:nvPicPr><pic:cNvPr id="0" name="Picture 5"/><pic:cNvPicPr><a:picLocks noChangeAspect="1" noChangeArrowheads="1"/></pic:cNvPicPr></pic:nvPicPr><pic:blipFill><a:blip r:embed="rId8" cstate="print"><a:extLst><a:ext uri="{28A0092B-C50C-407E-A947-70E740481C1C}"><a14:useLocalDpi xmlns:a14="http://schemas.microsoft.com/office/drawing/2010/main" val="0"/></a:ext></a:extLst></a:blip><a:srcRect/><a:stretch><a:fillRect/></a:stretch></pic:blipFill><pic:spPr bwMode="auto"><a:xfrm><a:off x="0" y="0"/><a:ext cx="3547124" cy="1519890"/></a:xfrm><a:prstGeom prst="rect"><a:avLst/></a:prstGeom><a:noFill/><a:ln><a:noFill/></a:ln></pic:spPr></pic:pic></a:graphicData></a:graphic></wp:inline></w:drawing></w:r></w:p><w:p w14:paraId="32908DED" w14:textId="2D9B14A0" w:rsidR="00F12A03" w:rsidRDefault="00F12A03" w:rsidP="00133F44"><w:pPr><w:rPr><w:rFonts w:ascii="Times New Roman" w:hAnsi="Times New Roman" w:cs="Times New Roman"/><w:sz w:val="25"/><w:szCs w:val="25"/></w:rPr></w:pPr><w:r><w:rPr><w:rFonts w:ascii="Times New Roman" w:hAnsi="Times New Roman" w:cs="Times New Roman"/><w:sz w:val="25"/><w:szCs w:val="25"/></w:rPr><w:tab/><w:t>In addition of MA, we can also use LR (Linear Regression) to predict.</w:t></w:r><w:r w:rsidR="00771396"><w:rPr><w:rFonts w:ascii="Times New Roman" w:hAnsi="Times New Roman" w:cs="Times New Roman"/><w:sz w:val="25"/><w:szCs w:val="25"/></w:rPr><w:t xml:space="preserve"> To judge the exact ability of th</w:t></w:r><w:r w:rsidR="00987912"><w:rPr><w:rFonts w:ascii="Times New Roman" w:hAnsi="Times New Roman" w:cs="Times New Roman"/><w:sz w:val="25"/><w:szCs w:val="25"/></w:rPr><w:t>ese</w:t></w:r><w:r w:rsidR="00771396"><w:rPr><w:rFonts w:ascii="Times New Roman" w:hAnsi="Times New Roman" w:cs="Times New Roman"/><w:sz w:val="25"/><w:szCs w:val="25"/></w:rPr><w:t xml:space="preserve"> two method</w:t></w:r><w:r w:rsidR="00CC079F"><w:rPr><w:rFonts w:ascii="Times New Roman" w:hAnsi="Times New Roman" w:cs="Times New Roman"/><w:sz w:val="25"/><w:szCs w:val="25"/></w:rPr><w:t>s</w:t></w:r><w:r w:rsidR="00771396"><w:rPr><w:rFonts w:ascii="Times New Roman" w:hAnsi="Times New Roman" w:cs="Times New Roman"/><w:sz w:val="25"/><w:szCs w:val="25"/></w:rPr><w:t>, we use MAE (Mean Absolute Error) to reflect the error.</w:t></w:r></w:p><w:p w14:paraId="52FB751C" w14:textId="5EE3B742" w:rsidR="00987912" w:rsidRDefault="00987912" w:rsidP="00987912"><w:pPr><w:jc w:val="center"/><w:rPr><w:rFonts w:ascii="Times New Roman" w:hAnsi="Times New Roman" w:cs="Times New Roman"/><w:sz w:val="25"/><w:szCs w:val="25"/></w:rPr></w:pPr><w:r><w:rPr><w:rFonts w:ascii="Times New Roman" w:hAnsi="Times New Roman" w:cs="Times New Roman" w:hint="eastAsia"/><w:noProof/><w:sz w:val="25"/><w:szCs w:val="25"/></w:rPr><w:drawing><wp:inline distT="0" distB="0" distL="0" distR="0" wp14:anchorId="32A90AA1" wp14:editId="312AA421"><wp:extent cx="4495800" cy="1283275"/><wp:effectExtent l="0" t="0" r="0" b="0"/><wp:docPr id="4" name="图片 4"/><wp:cNvGraphicFramePr><a:graphicFrameLocks xmlns:a="http://schemas.openxmlformats.org/drawingml/2006/main" noChangeAspect="1"/></wp:cNvGraphicFramePr><a:graphic xmlns:a="http://schemas.openxmlformats.org/drawingml/2006/main"><a:graphicData uri="http://schemas.openxmlformats.org/drawingml/2006/picture"><pic:pic xmlns:pic="http://schemas.openxmlformats.org/drawingml/2006/picture"><pic:nvPicPr><pic:cNvPr id="0" name="Picture 7"/><pic:cNvPicPr><a:picLocks noChangeAspect="1" noChangeArrowheads="1"/></pic:cNvPicPr></pic:nvPicPr><pic:blipFill><a:blip r:embed="rId9" cstate="print"><a:extLst><a:ext uri="{28A0092B-C50C-407E-A947-70E740481C1C}"><a14:useLocalDpi xmlns:a14="http://schemas.microsoft.com/office/drawing/2010/main" val="0"/></a:ext></a:extLst></a:blip><a:srcRect/><a:stretch><a:fillRect/></a:stretch></pic:blipFill><pic:spPr bwMode="auto"><a:xfrm><a:off x="0" y="0"/><a:ext cx="4533370" cy="1293999"/></a:xfrm><a:prstGeom prst="rect"><a:avLst/></a:prstGeom><a:noFill/><a:ln><a:noFill/></a:ln></pic:spPr></pic:pic></a:graphicData></a:graphic></wp:inline></w:drawing></w:r></w:p><w:p w14:paraId="179D9B79" w14:textId="6A5CAE3F" w:rsidR="00771396" w:rsidRDefault="00CC079F" w:rsidP="00CC079F"><w:pPr><w:jc w:val="center"/><w:rPr><w:rFonts w:ascii="Times New Roman" w:hAnsi="Times New Roman" w:cs="Times New Roman"/><w:sz w:val="25"/><w:szCs w:val="25"/></w:rPr></w:pPr><w:r><w:rPr><w:noProof/></w:rPr><w:drawing><wp:inline distT="0" distB="0" distL="0" distR="0" wp14:anchorId="2C6DF657" wp14:editId="6E0C566E"><wp:extent cx="4348843" cy="1848232"/><wp:effectExtent l="0" t="0" r="0" b="0"/><wp:docPr id="1" name="图片 1"/><wp:cNvGraphicFramePr><a:graphicFrameLocks xmlns:a="http://schemas.openxmlformats.org/drawingml/2006/main" noChangeAspect="1"/></wp:cNvGraphicFramePr><a:graphic xmlns:a="http://schemas.openxmlformats.org/drawingml/2006/main"><a:graphicData uri="http://schemas.openxmlformats.org/drawingml/2006/picture"><pic:pic xmlns:pic="http://schemas.openxmlformats.org/drawingml/2006/picture"><pic:nvPicPr><pic:cNvPr id="1" name=""/><pic:cNvPicPr/></pic:nvPicPr><pic:blipFill><a:blip r:embed="rId10"/><a:stretch><a:fillRect/></a:stretch></pic:blipFill><pic:spPr><a:xfrm><a:off x="0" y="0"/><a:ext cx="4366061" cy="1855550"/></a:xfrm><a:prstGeom prst="rect"><a:avLst/></a:prstGeom></pic:spPr></pic:pic></a:graphicData></a:graphic></wp:inline></w:drawing></w:r></w:p><w:p w14:paraId="0095A37F" w14:textId="1550FCEC" w:rsidR="00CC079F" w:rsidRDefault="00CC079F" w:rsidP="00CC079F"><w:pPr><w:jc w:val="left"/><w:rPr><w:rFonts w:ascii="Times New Roman" w:hAnsi="Times New Roman" w:cs="Times New Roman"/><w:sz w:val="25"/><w:szCs w:val="25"/></w:rPr></w:pPr><w:r><w:rPr><w:rFonts w:ascii="Times New Roman" w:hAnsi="Times New Roman" w:cs="Times New Roman"/><w:sz w:val="25"/><w:szCs w:val="25"/></w:rPr><w:tab/></w:r><w:bookmarkStart w:id="1" w:name="OLE_LINK2"/><w:r><w:rPr><w:rFonts w:ascii="Times New Roman" w:hAnsi="Times New Roman" w:cs="Times New Roman"/><w:sz w:val="25"/><w:szCs w:val="25"/></w:rPr><w:t xml:space="preserve">We can see that </w:t></w:r><w:r w:rsidR="00367D62"><w:rPr><w:rFonts w:ascii="Times New Roman" w:hAnsi="Times New Roman" w:cs="Times New Roman"/><w:sz w:val="25"/><w:szCs w:val="25"/></w:rPr><w:t>the LR forecast</w:t></w:r><w:r><w:rPr><w:rFonts w:ascii="Times New Roman" w:hAnsi="Times New Roman" w:cs="Times New Roman"/><w:sz w:val="25"/><w:szCs w:val="25"/></w:rPr><w:t xml:space="preserve"> curve</w:t></w:r><w:r w:rsidR="00153738"><w:rPr><w:rFonts w:ascii="Times New Roman" w:hAnsi="Times New Roman" w:cs="Times New Roman"/><w:sz w:val="25"/><w:szCs w:val="25"/></w:rPr><w:t>s are</w:t></w:r><w:r><w:rPr><w:rFonts w:ascii="Times New Roman" w:hAnsi="Times New Roman" w:cs="Times New Roman"/><w:sz w:val="25"/><w:szCs w:val="25"/></w:rPr><w:t xml:space="preserve"> closer to the </w:t></w:r><w:r w:rsidR="00153738"><w:rPr><w:rFonts w:ascii="Times New Roman" w:hAnsi="Times New Roman" w:cs="Times New Roman"/><w:sz w:val="25"/><w:szCs w:val="25"/></w:rPr><w:t>real prices than MA curves. If the trend is generally rising or generally decreasing, the LR forecast prices is closer to the next day price than MA prices.</w:t></w:r><w:bookmarkEnd w:id="1"/></w:p><w:p w14:paraId="5F039AD0" w14:textId="7C01464F" w:rsidR="00877097" w:rsidRDefault="00877097" w:rsidP="00CC079F"><w:pPr><w:jc w:val="left"/><w:rPr><w:rFonts w:ascii="Times New Roman" w:hAnsi="Times New Roman" w:cs="Times New Roman" w:hint="eastAsia"/><w:sz w:val="25"/><w:szCs w:val="25"/></w:rPr></w:pPr><w:r><w:rPr><w:rFonts w:ascii="Times New Roman" w:hAnsi="Times New Roman" w:cs="Times New Roman"/><w:sz w:val="25"/><w:szCs w:val="25"/></w:rPr><w:tab/><w:t>We can also use machine learning to predict the data, as the following picture.</w:t></w:r></w:p><w:p w14:paraId="653DEE6C" w14:textId="6A023B42" w:rsidR="00877097" w:rsidRDefault="00877097" w:rsidP="00877097"><w:pPr><w:jc w:val="center"/><w:rPr><w:rFonts w:ascii="Times New Roman" w:hAnsi="Times New Roman" w:cs="Times New Roman"/><w:sz w:val="25"/><w:szCs w:val="25"/></w:rPr></w:pPr><w:r><w:rPr><w:noProof/></w:rPr><w:drawing><wp:inline distT="0" distB="0" distL="0" distR="0" wp14:anchorId="229F2BFD" wp14:editId="358B0DAA"><wp:extent cx="3940629" cy="2096039"/><wp:effectExtent l="0" t="0" r="3175" b="0"/><wp:docPr id="5" name="图片 5"/><wp:cNvGraphicFramePr><a:graphicFrameLocks xmlns:a="http://schemas.openxmlformats.org/drawingml/2006/main" noChangeAspect="1"/></wp:cNvGraphicFramePr><a:graphic xmlns:a="http://schemas.openxmlformats.org/drawingml/2006/main"><a:graphicData uri="http://schemas.openxmlformats.org/drawingml/2006/picture"><pic:pic xmlns:pic="http://schemas.openxmlformats.org/drawingml/2006/picture"><pic:nvPicPr><pic:cNvPr id="1" name=""/><pic:cNvPicPr/></pic:nvPicPr><pic:blipFill><a:blip r:embed="rId11"/><a:stretch><a:fillRect/></a:stretch></pic:blipFill><pic:spPr><a:xfrm><a:off x="0" y="0"/><a:ext cx="3943390" cy="2097507"/></a:xfrm><a:prstGeom prst="rect"><a:avLst/></a:prstGeom></pic:spPr></pic:pic></a:graphicData></a:graphic></wp:inline></w:drawing></w:r></w:p><w:p w14:paraId="72A83DAC" w14:textId="432E3420" w:rsidR="00877097" w:rsidRDefault="00877097" w:rsidP="00877097"><w:pPr><w:jc w:val="left"/><w:rPr><w:rFonts w:ascii="Times New Roman" w:hAnsi="Times New Roman" w:cs="Times New Roman"/><w:sz w:val="25"/><w:szCs w:val="25"/></w:rPr></w:pPr><w:r><w:rPr><w:rFonts w:ascii="Times New Roman" w:hAnsi="Times New Roman" w:cs="Times New Roman"/><w:sz w:val="25"/><w:szCs w:val="25"/></w:rPr><w:tab/><w:t xml:space="preserve">I had imported kinds of machine learning model like </w:t></w:r><w:proofErr w:type="spellStart"/><w:r><w:rPr><w:rFonts w:ascii="Times New Roman" w:hAnsi="Times New Roman" w:cs="Times New Roman"/><w:sz w:val="25"/><w:szCs w:val="25"/></w:rPr><w:t>kNN</w:t></w:r><w:proofErr w:type="spellEnd"/><w:r><w:rPr><w:rFonts w:ascii="Times New Roman" w:hAnsi="Times New Roman" w:cs="Times New Roman"/><w:sz w:val="25"/><w:szCs w:val="25"/></w:rPr><w:t xml:space="preserve">, Neural Network, </w:t></w:r><w:r><w:rPr><w:rFonts w:ascii="Times New Roman" w:hAnsi="Times New Roman" w:cs="Times New Roman"/><w:sz w:val="25"/><w:szCs w:val="25"/></w:rPr><w:lastRenderedPageBreak/><w:t>Random Forest, SVM</w:t></w:r><w:r w:rsidR="00EF3E09"><w:rPr><w:rFonts w:ascii="Times New Roman" w:hAnsi="Times New Roman" w:cs="Times New Roman"/><w:sz w:val="25"/><w:szCs w:val="25"/></w:rPr><w:t xml:space="preserve"> </w:t></w:r><w:r><w:rPr><w:rFonts w:ascii="Times New Roman" w:hAnsi="Times New Roman" w:cs="Times New Roman"/><w:sz w:val="25"/><w:szCs w:val="25"/></w:rPr><w:t xml:space="preserve">(support </w:t></w:r><w:r w:rsidR="00EF3E09"><w:rPr><w:rFonts w:ascii="Times New Roman" w:hAnsi="Times New Roman" w:cs="Times New Roman"/><w:sz w:val="25"/><w:szCs w:val="25"/></w:rPr><w:t>vector machine)</w:t></w:r><w:r><w:rPr><w:rFonts w:ascii="Times New Roman" w:hAnsi="Times New Roman" w:cs="Times New Roman"/><w:sz w:val="25"/><w:szCs w:val="25"/></w:rPr><w:t xml:space="preserve"> and L</w:t></w:r><w:r w:rsidR="00EF3E09"><w:rPr><w:rFonts w:ascii="Times New Roman" w:hAnsi="Times New Roman" w:cs="Times New Roman"/><w:sz w:val="25"/><w:szCs w:val="25"/></w:rPr><w:t>R we mentioned above</w:t></w:r><w:r><w:rPr><w:rFonts w:ascii="Times New Roman" w:hAnsi="Times New Roman" w:cs="Times New Roman"/><w:sz w:val="25"/><w:szCs w:val="25"/></w:rPr><w:t>.</w:t></w:r><w:r w:rsidR="00EF3E09"><w:rPr><w:rFonts w:ascii="Times New Roman" w:hAnsi="Times New Roman" w:cs="Times New Roman"/><w:sz w:val="25"/><w:szCs w:val="25"/></w:rPr><w:t xml:space="preserve"> Orange 3 provide a form to compare different models.</w:t></w:r></w:p><w:p w14:paraId="5E928EDB" w14:textId="39E6BAF1" w:rsidR="00EF3E09" w:rsidRDefault="00EF3E09" w:rsidP="009B5C37"><w:pPr><w:jc w:val="center"/><w:rPr><w:rFonts w:ascii="Times New Roman" w:hAnsi="Times New Roman" w:cs="Times New Roman"/><w:sz w:val="25"/><w:szCs w:val="25"/></w:rPr></w:pPr><w:r><w:rPr><w:noProof/></w:rPr><w:drawing><wp:inline distT="0" distB="0" distL="0" distR="0" wp14:anchorId="1CFB91EA" wp14:editId="1D095725"><wp:extent cx="1795194" cy="1175657"/><wp:effectExtent l="0" t="0" r="0" b="5715"/><wp:docPr id="6" name="图片 6"/><wp:cNvGraphicFramePr><a:graphicFrameLocks xmlns:a="http://schemas.openxmlformats.org/drawingml/2006/main" noChangeAspect="1"/></wp:cNvGraphicFramePr><a:graphic xmlns:a="http://schemas.openxmlformats.org/drawingml/2006/main"><a:graphicData uri="http://schemas.openxmlformats.org/drawingml/2006/picture"><pic:pic xmlns:pic="http://schemas.openxmlformats.org/drawingml/2006/picture"><pic:nvPicPr><pic:cNvPr id="1" name=""/><pic:cNvPicPr/></pic:nvPicPr><pic:blipFill><a:blip r:embed="rId12"/><a:stretch><a:fillRect/></a:stretch></pic:blipFill><pic:spPr><a:xfrm><a:off x="0" y="0"/><a:ext cx="1809009" cy="1184704"/></a:xfrm><a:prstGeom prst="rect"><a:avLst/></a:prstGeom></pic:spPr></pic:pic></a:graphicData></a:graphic></wp:inline></w:drawing></w:r><w:r w:rsidR="009B5C37"><w:rPr><w:noProof/></w:rPr><w:drawing><wp:inline distT="0" distB="0" distL="0" distR="0" wp14:anchorId="36ABFCC2" wp14:editId="26C9806B"><wp:extent cx="5274310" cy="1090295"/><wp:effectExtent l="0" t="0" r="2540" b="0"/><wp:docPr id="8" name="图片 8"/><wp:cNvGraphicFramePr><a:graphicFrameLocks xmlns:a="http://schemas.openxmlformats.org/drawingml/2006/main" noChangeAspect="1"/></wp:cNvGraphicFramePr><a:graphic xmlns:a="http://schemas.openxmlformats.org/drawingml/2006/main"><a:graphicData uri="http://schemas.openxmlformats.org/drawingml/2006/picture"><pic:pic xmlns:pic="http://schemas.openxmlformats.org/drawingml/2006/picture"><pic:nvPicPr><pic:cNvPr id="1" name=""/><pic:cNvPicPr/></pic:nvPicPr><pic:blipFill><a:blip r:embed="rId13"/><a:stretch><a:fillRect/></a:stretch></pic:blipFill><pic:spPr><a:xfrm><a:off x="0" y="0"/><a:ext cx="5274310" cy="1090295"/></a:xfrm><a:prstGeom prst="rect"><a:avLst/></a:prstGeom></pic:spPr></pic:pic></a:graphicData></a:graphic></wp:inline></w:drawing></w:r></w:p><w:p w14:paraId="639E868A" w14:textId="59DBAEB7" w:rsidR="00513BBE" w:rsidRDefault="00513BBE" w:rsidP="00513BBE"><w:pPr><w:jc w:val="left"/><w:rPr><w:rFonts w:ascii="Times New Roman" w:hAnsi="Times New Roman" w:cs="Times New Roman"/><w:sz w:val="25"/><w:szCs w:val="25"/></w:rPr></w:pPr><w:r><w:rPr><w:rFonts w:ascii="Times New Roman" w:hAnsi="Times New Roman" w:cs="Times New Roman"/><w:sz w:val="25"/><w:szCs w:val="25"/></w:rPr><w:tab/><w:t>The LR get the lowest MAE</w:t></w:r><w:r w:rsidR="002D6B55"><w:rPr><w:rFonts w:ascii="Times New Roman" w:hAnsi="Times New Roman" w:cs="Times New Roman"/><w:sz w:val="25"/><w:szCs w:val="25"/></w:rPr><w:t xml:space="preserve">, </w:t></w:r><w:r><w:rPr><w:rFonts w:ascii="Times New Roman" w:hAnsi="Times New Roman" w:cs="Times New Roman"/><w:sz w:val="25"/><w:szCs w:val="25"/></w:rPr><w:t xml:space="preserve">while Neural Network is almost failed to predict the </w:t></w:r><w:r w:rsidR="002D6B55"><w:rPr><w:rFonts w:ascii="Times New Roman" w:hAnsi="Times New Roman" w:cs="Times New Roman"/><w:sz w:val="25"/><w:szCs w:val="25"/></w:rPr><w:t xml:space="preserve">price with its </w:t></w:r><w:r w:rsidR="002D6B55" w:rsidRPr="002D6B55"><w:rPr><w:rFonts w:ascii="Times New Roman" w:hAnsi="Times New Roman" w:cs="Times New Roman"/><w:sz w:val="25"/><w:szCs w:val="25"/></w:rPr><w:t>coefficient of determination</w:t></w:r><w:r w:rsidR="002D6B55"><w:rPr><w:rFonts w:ascii="Times New Roman" w:hAnsi="Times New Roman" w:cs="Times New Roman"/><w:sz w:val="25"/><w:szCs w:val="25"/></w:rPr><w:t xml:space="preserve"> r2 lower than 0.</w:t></w:r></w:p><w:p w14:paraId="5BCA8B3B" w14:textId="31913D9E" w:rsidR="00CA6AE1" w:rsidRDefault="00CA6AE1" w:rsidP="00513BBE"><w:pPr><w:jc w:val="left"/><w:rPr><w:rFonts w:ascii="Times New Roman" w:hAnsi="Times New Roman" w:cs="Times New Roman"/><w:sz w:val="25"/><w:szCs w:val="25"/></w:rPr></w:pPr><w:r><w:rPr><w:rFonts w:ascii="Times New Roman" w:hAnsi="Times New Roman" w:cs="Times New Roman"/><w:sz w:val="25"/><w:szCs w:val="25"/></w:rPr><w:tab/><w:t xml:space="preserve">If we use the change percentage to predict, we can find that </w:t></w:r><w:r w:rsidR="0029017F"><w:rPr><w:rFonts w:ascii="Times New Roman" w:hAnsi="Times New Roman" w:cs="Times New Roman"/><w:sz w:val="25"/><w:szCs w:val="25"/></w:rPr><w:t>its hard to predict the next price change percentage.</w:t></w:r></w:p><w:p w14:paraId="0D78DA8F" w14:textId="015220EE" w:rsidR="0029017F" w:rsidRDefault="0029017F" w:rsidP="0029017F"><w:pPr><w:jc w:val="center"/><w:rPr><w:rFonts w:ascii="Times New Roman" w:hAnsi="Times New Roman" w:cs="Times New Roman" w:hint="eastAsia"/><w:sz w:val="25"/><w:szCs w:val="25"/></w:rPr></w:pPr><w:r><w:rPr><w:noProof/></w:rPr><w:drawing><wp:inline distT="0" distB="0" distL="0" distR="0" wp14:anchorId="46C6008F" wp14:editId="01CC33DC"><wp:extent cx="1866900" cy="1292048"/><wp:effectExtent l="0" t="0" r="0" b="3810"/><wp:docPr id="10" name="图片 10"/><wp:cNvGraphicFramePr><a:graphicFrameLocks xmlns:a="http://schemas.openxmlformats.org/drawingml/2006/main" noChangeAspect="1"/></wp:cNvGraphicFramePr><a:graphic xmlns:a="http://schemas.openxmlformats.org/drawingml/2006/main"><a:graphicData uri="http://schemas.openxmlformats.org/drawingml/2006/picture"><pic:pic xmlns:pic="http://schemas.openxmlformats.org/drawingml/2006/picture"><pic:nvPicPr><pic:cNvPr id="1" name=""/><pic:cNvPicPr/></pic:nvPicPr><pic:blipFill><a:blip r:embed="rId14"/><a:stretch><a:fillRect/></a:stretch></pic:blipFill><pic:spPr><a:xfrm><a:off x="0" y="0"/><a:ext cx="1871238" cy="1295050"/></a:xfrm><a:prstGeom prst="rect"><a:avLst/></a:prstGeom></pic:spPr></pic:pic></a:graphicData></a:graphic></wp:inline></w:drawing></w:r></w:p><w:p w14:paraId="1C1ABC00" w14:textId="04432B2E" w:rsidR="00CA6AE1" w:rsidRDefault="00CA6AE1" w:rsidP="00513BBE"><w:pPr><w:jc w:val="left"/><w:rPr><w:rFonts w:ascii="Times New Roman" w:hAnsi="Times New Roman" w:cs="Times New Roman" w:hint="eastAsia"/><w:sz w:val="25"/><w:szCs w:val="25"/></w:rPr></w:pPr></w:p><w:p w14:paraId="7FE83547" w14:textId="09B4854F" w:rsidR="00F01EE9" w:rsidRPr="00F01EE9" w:rsidRDefault="00F01EE9" w:rsidP="00F01EE9"><w:pPr><w:jc w:val="center"/><w:rPr><w:rFonts w:ascii="Times New Roman" w:hAnsi="Times New Roman" w:cs="Times New Roman"/><w:b/><w:bCs/><w:sz w:val="25"/><w:szCs w:val="25"/></w:rPr></w:pPr><w:r w:rsidRPr="00F01EE9"><w:rPr><w:rFonts w:ascii="Times New Roman" w:hAnsi="Times New Roman" w:cs="Times New Roman" w:hint="cs"/><w:b/><w:bCs/><w:sz w:val="25"/><w:szCs w:val="25"/></w:rPr><w:t>M</w:t></w:r><w:r w:rsidRPr="00F01EE9"><w:rPr><w:rFonts w:ascii="Times New Roman" w:hAnsi="Times New Roman" w:cs="Times New Roman"/><w:b/><w:bCs/><w:sz w:val="25"/><w:szCs w:val="25"/></w:rPr><w:t>ethod MAE</w:t></w:r></w:p><w:tbl><w:tblPr><w:tblStyle w:val="af"/><w:tblW w:w="0" w:type="auto"/><w:tblLook w:val="04A0" w:firstRow="1" w:lastRow="0" w:firstColumn="1" w:lastColumn="0" w:noHBand="0" w:noVBand="1"/></w:tblPr><w:tblGrid><w:gridCol w:w="1129"/><w:gridCol w:w="993"/><w:gridCol w:w="1417"/><w:gridCol w:w="1134"/><w:gridCol w:w="1701"/><w:gridCol w:w="1922"/></w:tblGrid><w:tr w:rsidR="00F01EE9" w14:paraId="028FB787" w14:textId="77777777" w:rsidTr="00F01EE9"><w:trPr><w:trHeight w:val="670"/></w:trPr><w:tc><w:tcPr><w:tcW w:w="1129" w:type="dxa"/></w:tcPr><w:p w14:paraId="063B80E1" w14:textId="1AB283EE" w:rsidR="00A7219F" w:rsidRPr="00A7219F" w:rsidRDefault="00A7219F" w:rsidP="00513BBE"><w:pPr><w:jc w:val="left"/><w:rPr><w:rFonts w:ascii="Times New Roman" w:hAnsi="Times New Roman" w:cs="Times New Roman" w:hint="eastAsia"/><w:sz w:val="20"/><w:szCs w:val="20"/></w:rPr></w:pPr><w:r w:rsidRPr="00A7219F"><w:rPr><w:rFonts w:ascii="Times New Roman" w:hAnsi="Times New Roman" w:cs="Times New Roman" w:hint="eastAsia"/><w:sz w:val="20"/><w:szCs w:val="20"/></w:rPr><w:t>1</w:t></w:r><w:r w:rsidRPr="00A7219F"><w:rPr><w:rFonts w:ascii="Times New Roman" w:hAnsi="Times New Roman" w:cs="Times New Roman"/><w:sz w:val="20"/><w:szCs w:val="20"/></w:rPr><w:t>0-</w:t></w:r><w:r w:rsidRPr="00A7219F"><w:rPr><w:rFonts w:ascii="Times New Roman" w:hAnsi="Times New Roman" w:cs="Times New Roman" w:hint="eastAsia"/><w:sz w:val="20"/><w:szCs w:val="20"/></w:rPr><w:t>days</w:t></w:r><w:r w:rsidRPr="00A7219F"><w:rPr><w:rFonts w:ascii="Times New Roman" w:hAnsi="Times New Roman" w:cs="Times New Roman"/><w:sz w:val="20"/><w:szCs w:val="20"/></w:rPr><w:t xml:space="preserve"> MA </w:t></w:r></w:p></w:tc><w:tc><w:tcPr><w:tcW w:w="993" w:type="dxa"/></w:tcPr><w:p w14:paraId="33CBF927" w14:textId="2AD9FBFD" w:rsidR="00A7219F" w:rsidRPr="00A7219F" w:rsidRDefault="00A7219F" w:rsidP="00513BBE"><w:pPr><w:jc w:val="left"/><w:rPr><w:rFonts w:ascii="Times New Roman" w:hAnsi="Times New Roman" w:cs="Times New Roman" w:hint="eastAsia"/><w:sz w:val="20"/><w:szCs w:val="20"/></w:rPr></w:pPr><w:r w:rsidRPr="00A7219F"><w:rPr><w:rFonts w:ascii="Times New Roman" w:hAnsi="Times New Roman" w:cs="Times New Roman" w:hint="eastAsia"/><w:sz w:val="20"/><w:szCs w:val="20"/></w:rPr><w:t>5</w:t></w:r><w:r w:rsidRPr="00A7219F"><w:rPr><w:rFonts w:ascii="Times New Roman" w:hAnsi="Times New Roman" w:cs="Times New Roman"/><w:sz w:val="20"/><w:szCs w:val="20"/></w:rPr><w:t>-days MA</w:t></w:r></w:p></w:tc><w:tc><w:tcPr><w:tcW w:w="1417" w:type="dxa"/></w:tcPr><w:p w14:paraId="33221699" w14:textId="13BEF5A7" w:rsidR="00A7219F" w:rsidRPr="00A7219F" w:rsidRDefault="00A7219F" w:rsidP="00513BBE"><w:pPr><w:jc w:val="left"/><w:rPr><w:rFonts w:ascii="Times New Roman" w:hAnsi="Times New Roman" w:cs="Times New Roman" w:hint="eastAsia"/><w:sz w:val="20"/><w:szCs w:val="20"/></w:rPr></w:pPr><w:r w:rsidRPr="00A7219F"><w:rPr><w:rFonts w:ascii="Times New Roman" w:hAnsi="Times New Roman" w:cs="Times New Roman" w:hint="eastAsia"/><w:sz w:val="20"/><w:szCs w:val="20"/></w:rPr><w:t>1</w:t></w:r><w:r w:rsidRPr="00A7219F"><w:rPr><w:rFonts w:ascii="Times New Roman" w:hAnsi="Times New Roman" w:cs="Times New Roman"/><w:sz w:val="20"/><w:szCs w:val="20"/></w:rPr><w:t>0-days Forecast</w:t></w:r></w:p></w:tc><w:tc><w:tcPr><w:tcW w:w="1134" w:type="dxa"/></w:tcPr><w:p w14:paraId="3DC9C5B9" w14:textId="066C1518" w:rsidR="00A7219F" w:rsidRPr="00A7219F" w:rsidRDefault="00A7219F" w:rsidP="00513BBE"><w:pPr><w:jc w:val="left"/><w:rPr><w:rFonts w:ascii="Times New Roman" w:hAnsi="Times New Roman" w:cs="Times New Roman" w:hint="eastAsia"/><w:sz w:val="20"/><w:szCs w:val="20"/></w:rPr></w:pPr><w:r w:rsidRPr="00A7219F"><w:rPr><w:rFonts w:ascii="Times New Roman" w:hAnsi="Times New Roman" w:cs="Times New Roman" w:hint="eastAsia"/><w:sz w:val="20"/><w:szCs w:val="20"/></w:rPr><w:t>5</w:t></w:r><w:r w:rsidRPr="00A7219F"><w:rPr><w:rFonts w:ascii="Times New Roman" w:hAnsi="Times New Roman" w:cs="Times New Roman"/><w:sz w:val="20"/><w:szCs w:val="20"/></w:rPr><w:t>-days Forecast</w:t></w:r></w:p></w:tc><w:tc><w:tcPr><w:tcW w:w="1701" w:type="dxa"/></w:tcPr><w:p w14:paraId="00B31165" w14:textId="4F0E423F" w:rsidR="00F01EE9" w:rsidRPr="00A7219F" w:rsidRDefault="00A7219F" w:rsidP="00513BBE"><w:pPr><w:jc w:val="left"/><w:rPr><w:rFonts w:ascii="Times New Roman" w:hAnsi="Times New Roman" w:cs="Times New Roman" w:hint="eastAsia"/><w:sz w:val="20"/><w:szCs w:val="20"/></w:rPr></w:pPr><w:r w:rsidRPr="00A7219F"><w:rPr><w:rFonts w:ascii="Times New Roman" w:hAnsi="Times New Roman" w:cs="Times New Roman" w:hint="eastAsia"/><w:sz w:val="20"/><w:szCs w:val="20"/></w:rPr><w:t>M</w:t></w:r><w:r w:rsidRPr="00A7219F"><w:rPr><w:rFonts w:ascii="Times New Roman" w:hAnsi="Times New Roman" w:cs="Times New Roman"/><w:sz w:val="20"/><w:szCs w:val="20"/></w:rPr><w:t>achine Learning</w:t></w:r><w:r w:rsidRPr="00A7219F"><w:rPr><w:rFonts w:ascii="Times New Roman" w:hAnsi="Times New Roman" w:cs="Times New Roman" w:hint="eastAsia"/><w:sz w:val="20"/><w:szCs w:val="20"/></w:rPr><w:t xml:space="preserve"> </w:t></w:r><w:r w:rsidRPr="00A7219F"><w:rPr><w:rFonts w:ascii="Times New Roman" w:hAnsi="Times New Roman" w:cs="Times New Roman"/><w:sz w:val="20"/><w:szCs w:val="20"/></w:rPr><w:t>based on previous price</w:t></w:r></w:p></w:tc><w:tc><w:tcPr><w:tcW w:w="1922" w:type="dxa"/></w:tcPr><w:p w14:paraId="70AEF23B" w14:textId="2D208C44" w:rsidR="00A7219F" w:rsidRPr="00A7219F" w:rsidRDefault="00A7219F" w:rsidP="00513BBE"><w:pPr><w:jc w:val="left"/><w:rPr><w:rFonts w:ascii="Times New Roman" w:hAnsi="Times New Roman" w:cs="Times New Roman" w:hint="eastAsia"/><w:sz w:val="20"/><w:szCs w:val="20"/></w:rPr></w:pPr><w:r w:rsidRPr="00A7219F"><w:rPr><w:rFonts w:ascii="Times New Roman" w:hAnsi="Times New Roman" w:cs="Times New Roman" w:hint="eastAsia"/><w:sz w:val="20"/><w:szCs w:val="20"/></w:rPr><w:t>M</w:t></w:r><w:r w:rsidRPr="00A7219F"><w:rPr><w:rFonts w:ascii="Times New Roman" w:hAnsi="Times New Roman" w:cs="Times New Roman"/><w:sz w:val="20"/><w:szCs w:val="20"/></w:rPr><w:t>achine Learning based on previous prices change</w:t></w:r><w:r w:rsidR="00F01EE9"><w:rPr><w:rFonts w:ascii="Times New Roman" w:hAnsi="Times New Roman" w:cs="Times New Roman"/><w:sz w:val="20"/><w:szCs w:val="20"/></w:rPr><w:t xml:space="preserve"> rate</w:t></w:r></w:p></w:tc></w:tr><w:tr w:rsidR="00F01EE9" w14:paraId="47AEAAA2" w14:textId="77777777" w:rsidTr="00F01EE9"><w:tc><w:tcPr><w:tcW w:w="1129" w:type="dxa"/></w:tcPr><w:p w14:paraId="5E8058E2" w14:textId="07E104F4" w:rsidR="00A7219F" w:rsidRPr="00F01EE9" w:rsidRDefault="00F01EE9" w:rsidP="00F01EE9"><w:pPr><w:jc w:val="center"/><w:rPr><w:rFonts w:ascii="Times New Roman" w:hAnsi="Times New Roman" w:cs="Times New Roman" w:hint="eastAsia"/><w:sz w:val="25"/><w:szCs w:val="25"/></w:rPr></w:pPr><w:r w:rsidRPr="00F01EE9"><w:rPr><w:rFonts w:ascii="Times New Roman" w:hAnsi="Times New Roman" w:cs="Times New Roman"/><w:sz w:val="25"/><w:szCs w:val="25"/></w:rPr><w:t>1.9</w:t></w:r><w:r w:rsidR="0029501C"><w:rPr><w:rFonts w:ascii="Times New Roman" w:hAnsi="Times New Roman" w:cs="Times New Roman"/><w:sz w:val="25"/><w:szCs w:val="25"/></w:rPr><w:t>54</w:t></w:r></w:p></w:tc><w:tc><w:tcPr><w:tcW w:w="993" w:type="dxa"/></w:tcPr><w:p w14:paraId="7CDEC1B3" w14:textId="46B5907F" w:rsidR="00A7219F" w:rsidRPr="00F01EE9" w:rsidRDefault="00F01EE9" w:rsidP="00F01EE9"><w:pPr><w:jc w:val="center"/><w:rPr><w:rFonts w:ascii="Times New Roman" w:hAnsi="Times New Roman" w:cs="Times New Roman" w:hint="eastAsia"/><w:sz w:val="25"/><w:szCs w:val="25"/></w:rPr></w:pPr><w:r w:rsidRPr="00F01EE9"><w:rPr><w:rFonts w:ascii="Times New Roman" w:hAnsi="Times New Roman" w:cs="Times New Roman"/><w:sz w:val="25"/><w:szCs w:val="25"/></w:rPr><w:t>1.3</w:t></w:r><w:r w:rsidR="0029501C"><w:rPr><w:rFonts w:ascii="Times New Roman" w:hAnsi="Times New Roman" w:cs="Times New Roman"/><w:sz w:val="25"/><w:szCs w:val="25"/></w:rPr><w:t>87</w:t></w:r></w:p></w:tc><w:tc><w:tcPr><w:tcW w:w="1417" w:type="dxa"/></w:tcPr><w:p w14:paraId="08B9DA94" w14:textId="6C227E3F" w:rsidR="00A7219F" w:rsidRPr="00F01EE9" w:rsidRDefault="00F01EE9" w:rsidP="00F01EE9"><w:pPr><w:jc w:val="center"/><w:rPr><w:rFonts w:ascii="Times New Roman" w:hAnsi="Times New Roman" w:cs="Times New Roman" w:hint="eastAsia"/><w:sz w:val="25"/><w:szCs w:val="25"/></w:rPr></w:pPr><w:r w:rsidRPr="00F01EE9"><w:rPr><w:rFonts w:ascii="Times New Roman" w:hAnsi="Times New Roman" w:cs="Times New Roman"/><w:sz w:val="25"/><w:szCs w:val="25"/></w:rPr><w:t>1.43</w:t></w:r><w:r w:rsidR="0029501C"><w:rPr><w:rFonts w:ascii="Times New Roman" w:hAnsi="Times New Roman" w:cs="Times New Roman"/><w:sz w:val="25"/><w:szCs w:val="25"/></w:rPr><w:t>1</w:t></w:r></w:p></w:tc><w:tc><w:tcPr><w:tcW w:w="1134" w:type="dxa"/></w:tcPr><w:p w14:paraId="5D031EA1" w14:textId="29FD0E83" w:rsidR="00A7219F" w:rsidRDefault="00F01EE9" w:rsidP="00F01EE9"><w:pPr><w:jc w:val="center"/><w:rPr><w:rFonts w:ascii="Times New Roman" w:hAnsi="Times New Roman" w:cs="Times New Roman" w:hint="eastAsia"/><w:sz w:val="25"/><w:szCs w:val="25"/></w:rPr></w:pPr><w:r><w:rPr><w:rFonts w:ascii="Times New Roman" w:hAnsi="Times New Roman" w:cs="Times New Roman" w:hint="eastAsia"/><w:sz w:val="25"/><w:szCs w:val="25"/></w:rPr><w:t>0</w:t></w:r><w:r><w:rPr><w:rFonts w:ascii="Times New Roman" w:hAnsi="Times New Roman" w:cs="Times New Roman"/><w:sz w:val="25"/><w:szCs w:val="25"/></w:rPr><w:t>.9</w:t></w:r><w:r w:rsidR="0029501C"><w:rPr><w:rFonts w:ascii="Times New Roman" w:hAnsi="Times New Roman" w:cs="Times New Roman"/><w:sz w:val="25"/><w:szCs w:val="25"/></w:rPr><w:t>76</w:t></w:r></w:p></w:tc><w:tc><w:tcPr><w:tcW w:w="1701" w:type="dxa"/></w:tcPr><w:p w14:paraId="5BBAEF89" w14:textId="10CE8C72" w:rsidR="00A7219F" w:rsidRDefault="00F01EE9" w:rsidP="00F01EE9"><w:pPr><w:jc w:val="center"/><w:rPr><w:rFonts w:ascii="Times New Roman" w:hAnsi="Times New Roman" w:cs="Times New Roman" w:hint="eastAsia"/><w:sz w:val="25"/><w:szCs w:val="25"/></w:rPr></w:pPr><w:r><w:rPr><w:rFonts w:ascii="Times New Roman" w:hAnsi="Times New Roman" w:cs="Times New Roman" w:hint="eastAsia"/><w:sz w:val="25"/><w:szCs w:val="25"/></w:rPr><w:t>0</w:t></w:r><w:r><w:rPr><w:rFonts w:ascii="Times New Roman" w:hAnsi="Times New Roman" w:cs="Times New Roman"/><w:sz w:val="25"/><w:szCs w:val="25"/></w:rPr><w:t>.8</w:t></w:r><w:r w:rsidR="0029501C"><w:rPr><w:rFonts w:ascii="Times New Roman" w:hAnsi="Times New Roman" w:cs="Times New Roman"/><w:sz w:val="25"/><w:szCs w:val="25"/></w:rPr><w:t>66</w:t></w:r></w:p></w:tc><w:tc><w:tcPr><w:tcW w:w="1922" w:type="dxa"/></w:tcPr><w:p w14:paraId="2D844DF0" w14:textId="3E14EEA0" w:rsidR="00A7219F" w:rsidRDefault="0060024F" w:rsidP="00B4513E"><w:pPr><w:jc w:val="center"/><w:rPr><w:rFonts w:ascii="Times New Roman" w:hAnsi="Times New Roman" w:cs="Times New Roman" w:hint="eastAsia"/><w:sz w:val="25"/><w:szCs w:val="25"/></w:rPr></w:pPr><w:r><w:rPr><w:rFonts w:ascii="Times New Roman" w:hAnsi="Times New Roman" w:cs="Times New Roman"/><w:sz w:val="25"/><w:szCs w:val="25"/></w:rPr><w:t>0.871</w:t></w:r></w:p></w:tc></w:tr></w:tbl><w:p w14:paraId="4B0246B6" w14:textId="54E41F79" w:rsidR="002D6B55" w:rsidRDefault="002D6B55" w:rsidP="00513BBE"><w:pPr><w:jc w:val="left"/><w:rPr><w:rFonts w:ascii="Times New Roman" w:hAnsi="Times New Roman" w:cs="Times New Roman"/><w:sz w:val="25"/><w:szCs w:val="25"/></w:rPr></w:pPr></w:p><w:p w14:paraId="4E9837E7" w14:textId="40A575AE" w:rsidR="00C37AF8" w:rsidRDefault="00C37AF8" w:rsidP="00513BBE"><w:pPr><w:jc w:val="left"/><w:rPr><w:rFonts w:ascii="Times New Roman" w:hAnsi="Times New Roman" w:cs="Times New Roman"/><w:sz w:val="25"/><w:szCs w:val="25"/></w:rPr></w:pPr></w:p><w:p w14:paraId="26A0691B" w14:textId="72ED02ED" w:rsidR="00C37AF8" w:rsidRDefault="00C37AF8" w:rsidP="00513BBE"><w:pPr><w:jc w:val="left"/><w:rPr><w:rFonts w:ascii="Times New Roman" w:hAnsi="Times New Roman" w:cs="Times New Roman"/><w:sz w:val="25"/><w:szCs w:val="25"/></w:rPr></w:pPr></w:p><w:p w14:paraId="0996414D" w14:textId="6453DC8B" w:rsidR="00C37AF8" w:rsidRDefault="00C37AF8" w:rsidP="00513BBE"><w:pPr><w:jc w:val="left"/><w:rPr><w:rFonts w:ascii="Times New Roman" w:hAnsi="Times New Roman" w:cs="Times New Roman"/><w:sz w:val="25"/><w:szCs w:val="25"/></w:rPr></w:pPr></w:p><w:p w14:paraId="0040BBD5" w14:textId="4E728D1B" w:rsidR="00C37AF8" w:rsidRDefault="00C37AF8" w:rsidP="00513BBE"><w:pPr><w:jc w:val="left"/><w:rPr><w:rFonts w:ascii="Times New Roman" w:hAnsi="Times New Roman" w:cs="Times New Roman"/><w:sz w:val="25"/><w:szCs w:val="25"/></w:rPr></w:pPr></w:p><w:p w14:paraId="1B9C1D87" w14:textId="4F25884D" w:rsidR="00C37AF8" w:rsidRDefault="00C37AF8" w:rsidP="00513BBE"><w:pPr><w:jc w:val="left"/><w:rPr><w:rFonts w:ascii="Times New Roman" w:hAnsi="Times New Roman" w:cs="Times New Roman"/><w:sz w:val="25"/><w:szCs w:val="25"/></w:rPr></w:pPr></w:p><w:p w14:paraId="6DEADE04" w14:textId="66543CCE" w:rsidR="00C37AF8" w:rsidRDefault="00C37AF8" w:rsidP="00513BBE"><w:pPr><w:jc w:val="left"/><w:rPr><w:rFonts w:ascii="Times New Roman" w:hAnsi="Times New Roman" w:cs="Times New Roman"/><w:sz w:val="25"/><w:szCs w:val="25"/></w:rPr></w:pPr></w:p><w:p w14:paraId="48ADA6B1" w14:textId="48E0B7CE" w:rsidR="00C37AF8" w:rsidRDefault="00C37AF8" w:rsidP="00513BBE"><w:pPr><w:jc w:val="left"/><w:rPr><w:rFonts w:ascii="Times New Roman" w:hAnsi="Times New Roman" w:cs="Times New Roman"/><w:sz w:val="25"/><w:szCs w:val="25"/></w:rPr></w:pPr></w:p><w:p w14:paraId="6FF83C10" w14:textId="2125370A" w:rsidR="00C37AF8" w:rsidRDefault="00C37AF8" w:rsidP="00513BBE"><w:pPr><w:jc w:val="left"/><w:rPr><w:rFonts w:ascii="Times New Roman" w:hAnsi="Times New Roman" w:cs="Times New Roman"/><w:sz w:val="25"/><w:szCs w:val="25"/></w:rPr></w:pPr></w:p><w:p w14:paraId="2BBD2C9D" w14:textId="13653C6F" w:rsidR="00C37AF8" w:rsidRDefault="00C37AF8" w:rsidP="00513BBE"><w:pPr><w:jc w:val="left"/><w:rPr><w:rFonts w:ascii="Times New Roman" w:hAnsi="Times New Roman" w:cs="Times New Roman"/><w:sz w:val="25"/><w:szCs w:val="25"/></w:rPr></w:pPr></w:p><w:p w14:paraId="2DCC270C" w14:textId="0C02BE18" w:rsidR="00C37AF8" w:rsidRDefault="00C37AF8" w:rsidP="00513BBE"><w:pPr><w:jc w:val="left"/><w:rPr><w:rFonts w:ascii="Times New Roman" w:hAnsi="Times New Roman" w:cs="Times New Roman"/><w:sz w:val="25"/><w:szCs w:val="25"/></w:rPr></w:pPr></w:p><w:p w14:paraId="6043642D" w14:textId="1466FACD" w:rsidR="00C37AF8" w:rsidRDefault="00C37AF8" w:rsidP="00513BBE"><w:pPr><w:jc w:val="left"/><w:rPr><w:rFonts w:ascii="Times New Roman" w:hAnsi="Times New Roman" w:cs="Times New Roman"/><w:sz w:val="25"/><w:szCs w:val="25"/></w:rPr></w:pPr></w:p><w:p w14:paraId="55F5A1B1" w14:textId="4B48DB0B" w:rsidR="00C37AF8" w:rsidRDefault="00C37AF8" w:rsidP="00513BBE"><w:pPr><w:jc w:val="left"/><w:rPr><w:rFonts w:ascii="Times New Roman" w:hAnsi="Times New Roman" w:cs="Times New Roman" w:hint="eastAsia"/><w:sz w:val="25"/><w:szCs w:val="25"/></w:rPr></w:pPr></w:p><w:p w14:paraId="53B0E7A0" w14:textId="0EF742DC" w:rsidR="00C37AF8" w:rsidRDefault="00C37AF8" w:rsidP="00C37AF8"><w:pPr><w:pStyle w:val="3"/><w:rPr><w:rFonts w:ascii="Times New Roman" w:hAnsi="Times New Roman" w:cs="Times New Roman"/></w:rPr></w:pPr><w:r><w:rPr><w:rFonts w:ascii="Times New Roman" w:hAnsi="Times New Roman" w:cs="Times New Roman" w:hint="cs"/></w:rPr><w:lastRenderedPageBreak/><w:t>N</w:t></w:r><w:r><w:rPr><w:rFonts w:ascii="Times New Roman" w:hAnsi="Times New Roman" w:cs="Times New Roman"/></w:rPr><w:t>ew Method</w:t></w:r></w:p><w:p w14:paraId="3ECCABFE" w14:textId="5FDD6D0C" w:rsidR="00D81B5F" w:rsidRDefault="00D81B5F" w:rsidP="00D81B5F"><w:pPr><w:rPr><w:rFonts w:ascii="Times New Roman" w:hAnsi="Times New Roman" w:cs="Times New Roman"/><w:color w:val="333333"/><w:sz w:val="25"/><w:szCs w:val="25"/><w:shd w:val="clear" w:color="auto" w:fill="FFFFFF"/></w:rPr></w:pPr><w:r><w:tab/></w:r><w:r><w:rPr><w:rFonts w:ascii="Times New Roman" w:hAnsi="Times New Roman" w:cs="Times New Roman" w:hint="cs"/><w:sz w:val="25"/><w:szCs w:val="25"/></w:rPr><w:t>U</w:t></w:r><w:r><w:rPr><w:rFonts w:ascii="Times New Roman" w:hAnsi="Times New Roman" w:cs="Times New Roman"/><w:sz w:val="25"/><w:szCs w:val="25"/></w:rPr><w:t xml:space="preserve">sing more features to predict is a way that may increase the model accuracy. We </w:t></w:r><w:r w:rsidR="00572501"><w:rPr><w:rFonts w:ascii="Times New Roman" w:hAnsi="Times New Roman" w:cs="Times New Roman"/><w:sz w:val="25"/><w:szCs w:val="25"/></w:rPr><w:t>can use MAD (Mean Absolute</w:t></w:r><w:r w:rsidR="00572501" w:rsidRPr="00572501"><w:rPr><w:rFonts w:ascii="Times New Roman" w:hAnsi="Times New Roman" w:cs="Times New Roman"/><w:sz w:val="25"/><w:szCs w:val="25"/></w:rPr><w:t xml:space="preserve"> </w:t></w:r><w:r w:rsidR="00572501"><w:rPr><w:rFonts w:ascii="Times New Roman" w:hAnsi="Times New Roman" w:cs="Times New Roman"/><w:color w:val="333333"/><w:sz w:val="25"/><w:szCs w:val="25"/><w:shd w:val="clear" w:color="auto" w:fill="FFFFFF"/></w:rPr><w:t>D</w:t></w:r><w:r w:rsidR="00572501" w:rsidRPr="00572501"><w:rPr><w:rFonts w:ascii="Times New Roman" w:hAnsi="Times New Roman" w:cs="Times New Roman"/><w:color w:val="333333"/><w:sz w:val="25"/><w:szCs w:val="25"/><w:shd w:val="clear" w:color="auto" w:fill="FFFFFF"/></w:rPr><w:t>eviation</w:t></w:r><w:r w:rsidR="00572501"><w:rPr><w:rFonts w:ascii="Times New Roman" w:hAnsi="Times New Roman" w:cs="Times New Roman"/><w:color w:val="333333"/><w:sz w:val="25"/><w:szCs w:val="25"/><w:shd w:val="clear" w:color="auto" w:fill="FFFFFF"/></w:rPr><w:t>) to reflect the fluctuations level of a period of prices.</w:t></w:r></w:p><w:p w14:paraId="4CAD499D" w14:textId="7FE7D4F4" w:rsidR="00572501" w:rsidRDefault="00572501" w:rsidP="00D81B5F"><w:pPr><w:rPr><w:rFonts w:ascii="Times New Roman" w:hAnsi="Times New Roman" w:cs="Times New Roman"/><w:color w:val="333333"/><w:sz w:val="25"/><w:szCs w:val="25"/><w:shd w:val="clear" w:color="auto" w:fill="FFFFFF"/></w:rPr></w:pPr><w:r><w:rPr><w:rFonts w:ascii="Times New Roman" w:hAnsi="Times New Roman" w:cs="Times New Roman"/><w:color w:val="333333"/><w:sz w:val="25"/><w:szCs w:val="25"/><w:shd w:val="clear" w:color="auto" w:fill="FFFFFF"/></w:rPr><w:tab/><w:t>If we set n-days as a group. The group’s MAD can be calculated as,</w:t></w:r></w:p><w:p w14:paraId="76BDB948" w14:textId="77777777" w:rsidR="00665158" w:rsidRPr="00665158" w:rsidRDefault="00665158" w:rsidP="00D81B5F"><w:pPr><w:rPr><w:rFonts w:ascii="Times New Roman" w:hAnsi="Times New Roman" w:cs="Times New Roman"/><w:color w:val="333333"/><w:sz w:val="25"/><w:szCs w:val="25"/><w:shd w:val="clear" w:color="auto" w:fill="FFFFFF"/></w:rPr></w:pPr><m:oMathPara><m:oMath><m:r><w:rPr><w:rFonts w:ascii="Cambria Math" w:hAnsi="Cambria Math" w:cs="Times New Roman"/><w:color w:val="333333"/><w:sz w:val="25"/><w:szCs w:val="25"/><w:shd w:val="clear" w:color="auto" w:fill="FFFFFF"/></w:rPr><m:t>MAD=</m:t></m:r><m:num><m:sub><m:ctrlPr><w:rPr><w:rFonts w:ascii="Cambria Math" w:hAnsi="Cambria Math" w:cs="Times New Roman"/><w:i/><w:color w:val="333333"/><w:sz w:val="25"/><w:szCs w:val="25"/><w:shd w:val="clear" w:color="auto" w:fill="FFFFFF"/></w:rPr></m:ctrlPr></m:sub><m:ctrlPr><w:rPr><w:rFonts w:ascii="Cambria Math" w:hAnsi="Cambria Math" w:cs="Times New Roman"/><w:i/><w:color w:val="333333"/><w:sz w:val="25"/><w:szCs w:val="25"/><w:shd w:val="clear" w:color="auto" w:fill="FFFFFF"/></w:rPr></m:ctrlPr></m:num><m:d><m:dPr><m:ctrlPr><w:rPr><w:rFonts w:ascii="Cambria Math" w:hAnsi="Cambria Math" w:cs="Times New Roman"/><w:i/><w:color w:val="333333"/><w:sz w:val="25"/><w:szCs w:val="25"/><w:shd w:val="clear" w:color="auto" w:fill="FFFFFF"/></w:rPr></m:ctrlPr></m:dPr><m:e><m:r><w:rPr><w:rFonts w:ascii="Cambria Math" w:hAnsi="Cambria Math" w:cs="Times New Roman"/><w:color w:val="333333"/><w:sz w:val="25"/><w:szCs w:val="25"/><w:shd w:val="clear" w:color="auto" w:fill="FFFFFF"/></w:rPr><m:t>pric</m:t></m:r><m:sSub><m:sSubPr><m:ctrlPr><w:rPr><w:rFonts w:ascii="Cambria Math" w:hAnsi="Cambria Math" w:cs="Times New Roman"/><w:i/><w:color w:val="333333"/><w:sz w:val="25"/><w:szCs w:val="25"/><w:shd w:val="clear" w:color="auto" w:fill="FFFFFF"/></w:rPr></m:ctrlPr></m:sSubPr><m:e><m:r><w:rPr><w:rFonts w:ascii="Cambria Math" w:hAnsi="Cambria Math" w:cs="Times New Roman"/><w:color w:val="333333"/><w:sz w:val="25"/><w:szCs w:val="25"/><w:shd w:val="clear" w:color="auto" w:fill="FFFFFF"/></w:rPr><m:t>e</m:t></m:r></m:e><m:sub><m:r><w:rPr><w:rFonts w:ascii="Cambria Math" w:hAnsi="Cambria Math" w:cs="Times New Roman"/><w:color w:val="333333"/><w:sz w:val="25"/><w:szCs w:val="25"/><w:shd w:val="clear" w:color="auto" w:fill="FFFFFF"/></w:rPr><m:t>i</m:t></m:r></m:sub></m:sSub><m:r><w:rPr><w:rFonts w:ascii="Cambria Math" w:hAnsi="Cambria Math" w:cs="Times New Roman"/><w:color w:val="333333"/><w:sz w:val="25"/><w:szCs w:val="25"/><w:shd w:val="clear" w:color="auto" w:fill="FFFFFF"/></w:rPr><m:t>-</m:t></m:r><m:bar><m:barPr><m:pos m:val="top"/><m:ctrlPr><w:rPr><w:rFonts w:ascii="Cambria Math" w:hAnsi="Cambria Math" w:cs="Times New Roman"/><w:color w:val="333333"/><w:sz w:val="25"/><w:szCs w:val="25"/><w:shd w:val="clear" w:color="auto" w:fill="FFFFFF"/></w:rPr></m:ctrlPr></m:barPr><m:e><m:r><w:rPr><w:rFonts w:ascii="Cambria Math" w:hAnsi="Cambria Math" w:cs="Times New Roman"/><w:color w:val="333333"/><w:sz w:val="25"/><w:szCs w:val="25"/><w:shd w:val="clear" w:color="auto" w:fill="FFFFFF"/></w:rPr><m:t>price</m:t></m:r></m:e></m:bar></m:e></m:d></m:oMath></m:oMathPara></w:p><w:p w14:paraId="4F2F139E" w14:textId="77777777" w:rsidR="00665158" w:rsidRPr="00665158" w:rsidRDefault="00665158" w:rsidP="00D81B5F"><w:pPr><w:rPr><w:rFonts w:ascii="Times New Roman" w:hAnsi="Times New Roman" w:cs="Times New Roman"/><w:color w:val="333333"/><w:sz w:val="25"/><w:szCs w:val="25"/><w:shd w:val="clear" w:color="auto" w:fill="FFFFFF"/></w:rPr></w:pPr></w:p><w:p w14:paraId="7F0878D1" w14:textId="77777777" w:rsidR="00665158" w:rsidRPr="00665158" w:rsidRDefault="00665158" w:rsidP="00D81B5F"><w:pPr><w:rPr><w:rFonts w:ascii="Times New Roman" w:hAnsi="Times New Roman" w:cs="Times New Roman"/><w:color w:val="333333"/><w:sz w:val="25"/><w:szCs w:val="25"/><w:shd w:val="clear" w:color="auto" w:fill="FFFFFF"/></w:rPr></w:pPr></w:p><w:p w14:paraId="0D050CBF" w14:textId="5C107940" w:rsidR="00665158" w:rsidRPr="00665158" w:rsidRDefault="00665158" w:rsidP="00D81B5F"><w:pPr><w:rPr><w:rFonts w:ascii="Times New Roman" w:hAnsi="Times New Roman" w:cs="Times New Roman" w:hint="eastAsia"/><w:color w:val="333333"/><w:sz w:val="25"/><w:szCs w:val="25"/><w:shd w:val="clear" w:color="auto" w:fill="FFFFFF"/></w:rPr></w:pPr><m:oMathPara><m:oMath><m:r><w:rPr><w:rFonts w:ascii="Cambria Math" w:hAnsi="Cambria Math" w:cs="Times New Roman"/><w:color w:val="333333"/><w:sz w:val="25"/><w:szCs w:val="25"/><w:shd w:val="clear" w:color="auto" w:fill="FFFFFF"/></w:rPr><m:t>n</m:t></m:r></m:oMath></m:oMathPara></w:p><w:p w14:paraId="63250162" w14:textId="4A12598E" w:rsidR="00572501" w:rsidRDefault="00665158" w:rsidP="00D81B5F"><w:pPr><w:rPr><w:rFonts w:ascii="Times New Roman" w:hAnsi="Times New Roman" w:cs="Times New Roman" w:hint="eastAsia"/><w:color w:val="333333"/><w:sz w:val="25"/><w:szCs w:val="25"/><w:shd w:val="clear" w:color="auto" w:fill="FFFFFF"/></w:rPr></w:pPr><m:oMathPara><m:oMath><m:r><w:rPr><w:rFonts w:ascii="Cambria Math" w:hAnsi="Cambria Math" w:cs="Times New Roman"/><w:color w:val="333333"/><w:sz w:val="25"/><w:szCs w:val="25"/><w:shd w:val="clear" w:color="auto" w:fill="FFFFFF"/></w:rPr><m:t xml:space="preserve"> </m:t></m:r></m:oMath></m:oMathPara></w:p><w:p w14:paraId="4DACE5F0" w14:textId="594A165E" w:rsidR="00572501" w:rsidRPr="00D81B5F" w:rsidRDefault="00572501" w:rsidP="00572501"><w:pPr><w:jc w:val="center"/><w:rPr><w:rFonts w:ascii="Times New Roman" w:hAnsi="Times New Roman" w:cs="Times New Roman" w:hint="eastAsia"/><w:sz w:val="25"/><w:szCs w:val="25"/></w:rPr></w:pPr><w:r><w:rPr><w:noProof/></w:rPr><w:drawing><wp:inline distT="0" distB="0" distL="0" distR="0" wp14:anchorId="0A490C69" wp14:editId="7BB26FF8"><wp:extent cx="4621167" cy="1217883"/><wp:effectExtent l="0" t="0" r="0" b="1905"/><wp:docPr id="11" name="图片 11"/><wp:cNvGraphicFramePr><a:graphicFrameLocks xmlns:a="http://schemas.openxmlformats.org/drawingml/2006/main" noChangeAspect="1"/></wp:cNvGraphicFramePr><a:graphic xmlns:a="http://schemas.openxmlformats.org/drawingml/2006/main"><a:graphicData uri="http://schemas.openxmlformats.org/drawingml/2006/picture"><pic:pic xmlns:pic="http://schemas.openxmlformats.org/drawingml/2006/picture"><pic:nvPicPr><pic:cNvPr id="1" name=""/><pic:cNvPicPr/></pic:nvPicPr><pic:blipFill><a:blip r:embed="rId15"/><a:stretch><a:fillRect/></a:stretch></pic:blipFill><pic:spPr><a:xfrm><a:off x="0" y="0"/><a:ext cx="4649757" cy="1225418"/></a:xfrm><a:prstGeom prst="rect"><a:avLst/></a:prstGeom></pic:spPr></pic:pic></a:graphicData></a:graphic></wp:inline></w:drawing></w:r></w:p><w:p w14:paraId="66B8E6BD" w14:textId="0BE80A3D" w:rsidR="00757EBA" w:rsidRPr="00572501" w:rsidRDefault="00572501" w:rsidP="00C37AF8"><w:pPr><w:rPr><w:rFonts w:ascii="Times New Roman" w:hAnsi="Times New Roman" w:cs="Times New Roman" w:hint="eastAsia"/><w:sz w:val="25"/><w:szCs w:val="25"/></w:rPr></w:pPr><w:r><w:rPr><w:rFonts w:ascii="Times New Roman" w:hAnsi="Times New Roman" w:cs="Times New Roman"/><w:sz w:val="25"/><w:szCs w:val="25"/></w:rPr><w:tab/><w:t xml:space="preserve">And </w:t></w:r></w:p><w:sectPr w:rsidR="00757EBA" w:rsidRPr="00572501"><w:pgSz w:w="11906" w:h="16838"/><w:pgMar w:top="1440" w:right="1800" w:bottom="1440" w:left="1800" w:header="851" w:footer="992" w:gutter="0"/><w:cols w:space="425"/><w:docGrid w:type="lines" w:linePitch="312"/></w:sectPr></w:body></w:document>